{
  "IcoMoonType": "selection",
  "icons": [
    {
      "icon": {
        "paths": [
          "M117.204 906.806h989.657M117.204 511.964h989.657M117.204 117.121h989.657"
        ],
        "attrs": [
          {
            "fill": "none",
            "stroke": "rgb(238, 238, 238)",
            "strokeLinejoin": "miter",
            "strokeLinecap": "round",
            "strokeMiterlimit": "4",
            "strokeWidth": 194.8011537208093
          }
        ],
        "width": 1224,
        "isMulticolor": false,
        "isMulticolor2": false,
        "grid": 0,
        "tags": [
          "burger"
        ]
      },
      "attrs": [
        {
          "fill": "none",
          "stroke": "rgb(238, 238, 238)",
          "strokeLinejoin": "miter",
          "strokeLinecap": "round",
          "strokeMiterlimit": "4",
          "strokeWidth": 194.8011537208093
        }
      ],
      "properties": {
        "order": 15,
        "id": 0,
        "name": "burger",
        "prevSize": 32
      },
      "setIdx": 0,
      "setId": 6,
      "iconIdx": 0
    }
  ],
  "height": 1024,
  "preferences": {
    "showGlyphs": true,
    "showQuickUse": true,
    "showQuickUse2": false,
    "showSVGs": true,
    "fontPref": {
      "prefix": "icon-",
      "metadata": {
        "fontFamily": "icomoon"
      },
      "metrics": {
        "emSize": 1024,
        "baseline": 6.25,
        "whitespace": 50
      },
      "embed": false
    },
    "imagePref": {
      "prefix": "icon-",
      "png": true,
      "useClassSelector": true,
      "color": 0,
      "bgColor": 16777215,
      "classSelector": ".icon",
      "name": "icomoon"
    },
    "historySize": 50,
    "showCodes": true,
    "gridSize": 16
  }
}